"","SNP","effect_allele.exposure","other_allele.exposure","effect_allele.outcome","other_allele.outcome","beta.exposure","beta.outcome","eaf.exposure","eaf.outcome","remove","palindromic","ambiguous","id.outcome","se.outcome","pval.outcome","outcome","mr_keep.outcome","pval_origin.outcome","data_source.outcome","chr.exposure","pos.exposure","se.exposure","pval.exposure","exposure","mr_keep.exposure","pval_origin.exposure","id.exposure","action","mr_keep","samplesize.outcome"
"1","rs10236149","G","A","G","A",-0.013498145,0.0167827,0.123,0.1243554,FALSE,FALSE,FALSE,"7msX2k",0.0396614,0.67274,"outcome",TRUE,"reported","textfile",7,"98977515",0.002219081,1.18e-09,"Drinking",TRUE,"reported","flx5g8",2,TRUE,NA
"2","rs10438820","T","C","T","C",0.008971778,0.0215251,0.702,0.7045068,FALSE,FALSE,FALSE,"7msX2k",0.0288661,0.455258,"outcome",TRUE,"reported","textfile",17,"78524597",0.001593488,1.76e-08,"Drinking",TRUE,"reported","flx5g8",2,TRUE,NA
"3","rs10506274","T","G","T","G",-0.009037403,0.00214001,0.484,0.4843918,FALSE,FALSE,FALSE,"7msX2k",0.0262982,0.934901,"outcome",TRUE,"reported","textfile",12,"81601464",0.001458405,5.78e-10,"Drinking",TRUE,"reported","flx5g8",2,TRUE,NA
"4","rs10750025","T","C","T","C",0.010321447,-0.0544163,0.686,0.6755345,FALSE,FALSE,FALSE,"7msX2k",0.0279942,0.0525091,"outcome",TRUE,"reported","textfile",11,"113424042",0.001570358,4.89e-11,"Drinking",TRUE,"reported","flx5g8",2,TRUE,NA
"5","rs10753661","A","G","A","G",-0.008638128,0.0244341,0.684,0.6868443,FALSE,FALSE,FALSE,"7msX2k",0.0285088,0.390767,"outcome",TRUE,"reported","textfile",1,"165119792",0.001569272,3.76e-08,"Drinking",TRUE,"reported","flx5g8",2,TRUE,NA
"6","rs10876188","T","C","T","C",-0.007986853,0.0169418,0.457,0.4536822,FALSE,FALSE,FALSE,"7msX2k",0.026421,0.521463,"outcome",TRUE,"reported","textfile",12,"51895882",0.001463078,4.84e-08,"Drinking",TRUE,"reported","flx5g8",2,TRUE,NA
"7","rs10978550","C","T","C","T",-0.011748331,-0.0491099,0.206,0.2073966,FALSE,FALSE,FALSE,"7msX2k",0.0329269,0.1342,"outcome",TRUE,"reported","textfile",9,"109345993",0.001802112,7.15e-11,"Drinking",TRUE,"reported","flx5g8",2,TRUE,NA
"8","rs11030084","T","C","T","C",-0.010606819,0.0169272,0.184,0.1877298,FALSE,FALSE,FALSE,"7msX2k",0.0335952,0.614896,"outcome",TRUE,"reported","textfile",11,"27643725",0.001880926,1.72e-08,"Drinking",TRUE,"reported","flx5g8",2,TRUE,NA
"9","rs1104608","C","G","C","G",-0.010974988,-0.00619674,0.425,0.4257923,FALSE,TRUE,TRUE,"7msX2k",0.0268183,0.817171,"outcome",TRUE,"reported","textfile",16,"73912588",0.001475848,1.05e-13,"Drinking",TRUE,"reported","flx5g8",2,FALSE,NA
"10","rs1123285","G","C","G","C",-0.008897365,-0.0399322,0.335,0.3369631,FALSE,TRUE,FALSE,"7msX2k",0.0281797,0.155604,"outcome",TRUE,"reported","textfile",14,"57274519",0.00154416,8.14e-09,"Drinking",TRUE,"reported","flx5g8",2,TRUE,NA
"11","rs113443718","A","G","A","G",-0.010208258,0.00353551,0.305,0.3012963,FALSE,FALSE,FALSE,"7msX2k",0.0337812,0.889051,"outcome",TRUE,"reported","textfile",16,"29892184",0.001584629,1.19e-10,"Drinking",TRUE,"reported","flx5g8",2,TRUE,NA
"12","rs11692435","A","G","A","G",0.017449894,-0.0591828,0.0852,0.0743088,FALSE,FALSE,FALSE,"7msX2k",0.05514,0.278194,"outcome",TRUE,"reported","textfile",2,"98275354",0.00261585,2.53e-11,"Drinking",TRUE,"reported","flx5g8",2,TRUE,NA
"13","rs11940694","G","A","G","A",0.025949908,-0.00361488,0.597,0.5821645,FALSE,FALSE,FALSE,"7msX2k",0.0268044,0.891128,"outcome",TRUE,"reported","textfile",4,"39414993",0.001485887,3.03e-68,"Drinking",TRUE,"reported","flx5g8",2,TRUE,NA
"14","rs12088813","C","A","C","A",-0.009329047,0.0240272,0.267,0.2682354,FALSE,FALSE,FALSE,"7msX2k",0.0294568,0.415427,"outcome",TRUE,"reported","textfile",1,"66407700",0.001649158,1.58e-08,"Drinking",TRUE,"reported","flx5g8",2,TRUE,NA
"15","rs1217091","C","T","C","T",0.012160827,-0.0307372,0.812,0.8088334,FALSE,FALSE,FALSE,"7msX2k",0.0330826,0.354125,"outcome",TRUE,"reported","textfile",8,"64527399",0.001865386,7.05e-11,"Drinking",TRUE,"reported","flx5g8",2,TRUE,NA
"16","rs1260326","C","T","C","T",0.020889835,-0.0376778,0.601,0.5757191,FALSE,FALSE,FALSE,"7msX2k",0.0267472,0.159226,"outcome",TRUE,"reported","textfile",2,"27730940",0.001488339,8.05e-45,"Drinking",TRUE,"reported","flx5g8",2,TRUE,NA
"17","rs12651313","G","C","G","C",-0.008642927,-0.00930595,0.443,0.4391431,FALSE,TRUE,TRUE,"7msX2k",0.0264671,0.725086,"outcome",TRUE,"reported","textfile",4,"171086393",0.001467223,3.79e-09,"Drinking",TRUE,"reported","flx5g8",2,FALSE,NA
"18","rs12655091","A","G","A","G",-0.008312109,0.0297046,0.53,0.5160513,FALSE,FALSE,FALSE,"7msX2k",0.0262461,0.257637,"outcome",TRUE,"reported","textfile",5,"144412335",0.001460289,1.25e-08,"Drinking",TRUE,"reported","flx5g8",2,TRUE,NA
"19","rs12795042","C","A","C","A",-0.008319009,-0.0020472,0.623,0.6152162,FALSE,FALSE,FALSE,"7msX2k",0.0275457,0.938643,"outcome",TRUE,"reported","textfile",11,"133658168",0.001503872,3.25e-08,"Drinking",TRUE,"reported","flx5g8",2,TRUE,NA
"20","rs12907323","G","A","G","A",0.008496596,0.0286171,0.411,0.4205166,FALSE,FALSE,FALSE,"7msX2k",0.0265604,0.281574,"outcome",TRUE,"reported","textfile",15,"86796012",0.001481314,9.93e-09,"Drinking",TRUE,"reported","flx5g8",2,TRUE,NA
"21","rs13024996","A","C","A","C",-0.010912645,-0.031526,0.364,0.3703077,FALSE,FALSE,FALSE,"7msX2k",0.0273157,0.247842,"outcome",TRUE,"reported","textfile",2,"144225215",0.001514769,5.72e-13,"Drinking",TRUE,"reported","flx5g8",2,TRUE,NA
"22","rs13032049","G","A","G","A",0.01019455,0.0541726,0.283,0.2949807,FALSE,FALSE,FALSE,"7msX2k",0.0285769,0.0587612,"outcome",TRUE,"reported","textfile",2,"63581507",0.001617979,3e-10,"Drinking",TRUE,"reported","flx5g8",2,TRUE,NA
"23","rs13066454","T","C","T","C",-0.008775946,0.0111873,0.398,0.3922475,FALSE,FALSE,FALSE,"7msX2k",0.0269017,0.677613,"outcome",TRUE,"reported","textfile",3,"93994255",0.001491956,4.13e-09,"Drinking",TRUE,"reported","flx5g8",2,TRUE,NA
"24","rs13094887","T","A","T","A",-0.010309671,0.0193536,0.301,0.3063709,FALSE,TRUE,FALSE,"7msX2k",0.0285198,0.497815,"outcome",TRUE,"reported","textfile",3,"70968431",0.001588926,8.57e-11,"Drinking",TRUE,"reported","flx5g8",2,TRUE,NA
"25","rs13107325","T","C","T","C",-0.027504515,-0.0393557,0.0722,0.0740594,FALSE,FALSE,FALSE,"7msX2k",0.0506409,0.434825,"outcome",TRUE,"reported","textfile",4,"103188709",0.002815982,1.53e-22,"Drinking",TRUE,"reported","flx5g8",2,TRUE,NA
"26","rs13250583","T","C","T","C",-0.009717545,0.0609254,0.213,0.2087886,FALSE,FALSE,FALSE,"7msX2k",0.0319208,0.0575521,"outcome",TRUE,"reported","textfile",8,"20949917",0.001780116,4.7e-08,"Drinking",TRUE,"reported","flx5g8",2,TRUE,NA
"27","rs13383034","T","C","T","C",0.014926977,-0.00775472,0.329,0.3209845,FALSE,FALSE,FALSE,"7msX2k",0.0283126,0.784037,"outcome",TRUE,"reported","textfile",2,"45155276",0.001551195,6.31e-22,"Drinking",TRUE,"reported","flx5g8",2,TRUE,NA
"28","rs1713676","G","A","G","A",-0.007991984,-0.0132959,0.522454,0.5245281,FALSE,FALSE,FALSE,"7msX2k",0.0263744,0.614202,"outcome",TRUE,"reported","textfile",11,"113660576",0.00145913,4.29e-08,"Drinking",TRUE,"reported","flx5g8",2,TRUE,NA
"29","rs17177078","T","C","T","C",-0.02231549,0.0185255,0.0626,0.0681092,FALSE,FALSE,FALSE,"7msX2k",0.0517399,0.72091,"outcome",TRUE,"reported","textfile",16,"24810681",0.003011759,1.27e-13,"Drinking",TRUE,"reported","flx5g8",2,TRUE,NA
"30","rs17665139","T","C","T","C",-0.011560138,-0.0111993,0.149,0.1509621,FALSE,FALSE,FALSE,"7msX2k",0.0368293,0.760801,"outcome",TRUE,"reported","textfile",10,"125093880",0.002046764,1.59e-08,"Drinking",TRUE,"reported","flx5g8",2,TRUE,NA
"31","rs2011092","C","T","C","T",-0.008900405,0.0348987,0.338643,0.338395,FALSE,FALSE,FALSE,"7msX2k",0.0276669,0.20788,"outcome",TRUE,"reported","textfile",3,"141124607",0.001540056,7.35e-09,"Drinking",TRUE,"reported","flx5g8",2,TRUE,NA
"32","rs2165670","A","G","A","G",0.02308038,-0.0256083,0.106337,0.0989564,FALSE,FALSE,FALSE,"7msX2k",0.0446743,0.565273,"outcome",TRUE,"reported","textfile",4,"100286085",0.002364267,1.67e-22,"Drinking",TRUE,"reported","flx5g8",2,TRUE,NA
"33","rs2180870","C","T","C","T",-0.012177537,0.0319213,0.135,0.1399779,FALSE,FALSE,FALSE,"7msX2k",0.0374199,0.395167,"outcome",TRUE,"reported","textfile",14,"58782779",0.002132803,1.12e-08,"Drinking",TRUE,"reported","flx5g8",2,TRUE,NA
"34","rs2472297","T","C","T","C",0.010606047,-0.0186037,0.249,0.2485562,FALSE,FALSE,FALSE,"7msX2k",0.0343281,0.572734,"outcome",TRUE,"reported","textfile",15,"75027880",0.001685411,3.1e-10,"Drinking",TRUE,"reported","flx5g8",2,TRUE,NA
"35","rs2764771","A","G","A","G",0.009890596,-0.0759918,0.307,0.3027385,FALSE,FALSE,FALSE,"7msX2k",0.0291275,0.00875612,"outcome",TRUE,"reported","textfile",16,"20013793",0.001581736,4.02e-10,"Drinking",TRUE,"reported","flx5g8",2,TRUE,NA
"36","rs281379","A","G","A","G",0.013722336,-0.0375348,0.508,0.4986714,FALSE,FALSE,FALSE,"7msX2k",0.026782,0.160842,"outcome",TRUE,"reported","textfile",19,"49214274",0.001457844,4.91e-21,"Drinking",TRUE,"reported","flx5g8",2,TRUE,NA
"37","rs2854334","G","A","G","A",0.009220984,0.0385322,0.615,0.6247382,FALSE,FALSE,FALSE,"7msX2k",0.0274453,0.159479,"outcome",TRUE,"reported","textfile",17,"29715500",0.001497813,7.51e-10,"Drinking",TRUE,"reported","flx5g8",2,TRUE,NA
"38","rs28601761","G","C","G","C",0.009102878,-0.0069771,0.42,0.4173508,FALSE,TRUE,FALSE,"7msX2k",0.0268997,0.795254,"outcome",TRUE,"reported","textfile",8,"126500031",0.001476682,7.17e-10,"Drinking",TRUE,"reported","flx5g8",2,TRUE,NA
"39","rs28680958","A","G","A","G",-0.010996457,-0.0463214,0.217,0.2235998,FALSE,FALSE,FALSE,"7msX2k",0.031896,0.144917,"outcome",TRUE,"reported","textfile",1,"173848808",0.001769942,5.13e-10,"Drinking",TRUE,"reported","flx5g8",2,TRUE,NA
"40","rs28929474","T","C","T","C",-0.036799624,0.0909019,0.0183,0.0184067,FALSE,FALSE,FALSE,"7msX2k",0.0944411,0.341756,"outcome",TRUE,"reported","textfile",14,"94844947",0.005437642,1.34e-11,"Drinking",TRUE,"reported","flx5g8",2,TRUE,NA
"41","rs35034355","A","G","A","G",-0.008096817,0.0580849,0.521,0.5132157,FALSE,FALSE,FALSE,"7msX2k",0.0262537,0.0268729,"outcome",TRUE,"reported","textfile",7,"103840115",0.001458945,2.87e-08,"Drinking",TRUE,"reported","flx5g8",2,TRUE,NA
"42","rs36052336","G","A","G","A",-0.018428809,0.0469969,0.061496,0.0573593,FALSE,FALSE,FALSE,"7msX2k",0.0563385,0.406731,"outcome",TRUE,"reported","textfile",4,"100273594",0.00303378,1.23e-09,"Drinking",TRUE,"reported","flx5g8",2,TRUE,NA
"43","rs3748034","T","G","T","G",-0.011740341,0.0738201,0.143,0.1430733,FALSE,FALSE,FALSE,"7msX2k",0.0429137,0.0824753,"outcome",TRUE,"reported","textfile",4,"3446091",0.002081935,1.67e-08,"Drinking",TRUE,"reported","flx5g8",2,TRUE,NA
"44","rs378421","A","G","A","G",-0.011205474,-0.0210907,0.404,0.3996749,FALSE,FALSE,FALSE,"7msX2k",0.0271464,0.436716,"outcome",TRUE,"reported","textfile",16,"28754684",0.001486812,4.83e-14,"Drinking",TRUE,"reported","flx5g8",2,TRUE,NA
"45","rs3803800","G","A","G","A",0.011378876,-0.0367157,0.786,0.7888183,FALSE,FALSE,FALSE,"7msX2k",0.0323261,0.257185,"outcome",TRUE,"reported","textfile",17,"7462969",0.001777082,1.5e-10,"Drinking",TRUE,"reported","flx5g8",2,TRUE,NA
"46","rs3809162","G","A","G","A",0.009060925,-0.0017808,0.397,0.3933252,FALSE,FALSE,FALSE,"7msX2k",0.0270364,0.947256,"outcome",TRUE,"reported","textfile",12,"54674235",0.001489607,1.19e-09,"Drinking",TRUE,"reported","flx5g8",2,TRUE,NA
"47","rs4092465","G","A","G","A",-0.008291878,0.014803,0.635,0.6338224,FALSE,FALSE,FALSE,"7msX2k",0.0273211,0.587722,"outcome",TRUE,"reported","textfile",18,"55080437",0.001513883,4.39e-08,"Drinking",TRUE,"reported","flx5g8",2,TRUE,NA
"48","rs4501255","G","C","G","C",0.010693415,-0.0312534,0.235,0.2319879,FALSE,TRUE,FALSE,"7msX2k",0.0314139,0.318529,"outcome",TRUE,"reported","textfile",4,"42151306",0.001718941,4.83e-10,"Drinking",TRUE,"reported","flx5g8",2,TRUE,NA
"49","rs4548913","A","G","A","G",-0.008359953,0.0126338,0.632,0.6385614,FALSE,FALSE,FALSE,"7msX2k",0.0274004,0.644521,"outcome",TRUE,"reported","textfile",17,"2209888",0.001511274,3.11e-08,"Drinking",TRUE,"reported","flx5g8",2,TRUE,NA
"50","rs4690727","G","C","G","C",0.010816985,0.0251597,0.718,0.7244769,FALSE,TRUE,FALSE,"7msX2k",0.0296742,0.395719,"outcome",TRUE,"reported","textfile",4,"143648579",0.001619716,2.43e-11,"Drinking",TRUE,"reported","flx5g8",2,TRUE,NA
"51","rs4699791","A","G","A","G",0.018570721,0.00923847,0.095726,0.0940947,FALSE,FALSE,FALSE,"7msX2k",0.0449238,0.837238,"outcome",TRUE,"reported","textfile",4,"101243023",0.002477197,6.58e-14,"Drinking",TRUE,"reported","flx5g8",2,TRUE,NA
"52","rs4815364","A","G","A","G",0.008582356,0.0212997,0.616,0.6175495,FALSE,FALSE,FALSE,"7msX2k",0.0277934,0.44172,"outcome",TRUE,"reported","textfile",20,"25035711",0.001498544,1.02e-08,"Drinking",TRUE,"reported","flx5g8",2,TRUE,NA
"53","rs4842786","A","G","A","G",-0.008797801,-0.05926,0.584,0.5768879,FALSE,FALSE,FALSE,"7msX2k",0.0265843,0.0259609,"outcome",TRUE,"reported","textfile",12,"92170791",0.001478674,2.73e-09,"Drinking",TRUE,"reported","flx5g8",2,TRUE,NA
"54","rs4916723","C","A","C","A",-0.009952257,-0.0419961,0.416,0.4094627,FALSE,FALSE,FALSE,"7msX2k",0.0271855,0.121681,"outcome",TRUE,"reported","textfile",5,"87854395",0.001478674,1.72e-11,"Drinking",TRUE,"reported","flx5g8",2,TRUE,NA
"55","rs4938230","A","C","A","C",0.012810377,-0.0304525,0.842,0.8346708,FALSE,FALSE,FALSE,"7msX2k",0.0349379,0.384796,"outcome",TRUE,"reported","textfile",11,"116075001",0.001998209,1.48e-10,"Drinking",TRUE,"reported","flx5g8",2,TRUE,NA
"56","rs500321","T","A","T","A",-0.009669361,0.00566563,0.736,0.7398503,FALSE,TRUE,FALSE,"7msX2k",0.0299601,0.849948,"outcome",TRUE,"reported","textfile",13,"27124360",0.001653426,4.92e-09,"Drinking",TRUE,"reported","flx5g8",2,TRUE,NA
"57","rs5024204","T","A","T","A",0.009702711,0.0223462,0.278,0.2846085,FALSE,TRUE,FALSE,"7msX2k",0.0289754,0.441203,"outcome",TRUE,"reported","textfile",1,"71491890",0.001628467,2.55e-09,"Drinking",TRUE,"reported","flx5g8",2,TRUE,NA
"58","rs55872084","T","G","T","G",0.009978744,0.0506678,0.235,0.2347633,FALSE,FALSE,FALSE,"7msX2k",0.0306441,0.0995117,"outcome",TRUE,"reported","textfile",5,"155902003",0.001718941,6.32e-09,"Drinking",TRUE,"reported","flx5g8",2,TRUE,NA
"59","rs55932213","G","A","G","A",0.009488271,-0.00691683,0.736387,0.7275633,FALSE,FALSE,FALSE,"7msX2k",0.0293343,0.813675,"outcome",TRUE,"reported","textfile",9,"108755622",0.001654204,9.55e-09,"Drinking",TRUE,"reported","flx5g8",2,TRUE,NA
"60","rs56030824","A","G","A","G",-0.011601888,0.0309738,0.322,0.3265738,FALSE,FALSE,FALSE,"7msX2k",0.0278206,0.266293,"outcome",TRUE,"reported","textfile",11,"47397353",0.001562978,1.15e-13,"Drinking",TRUE,"reported","flx5g8",2,TRUE,NA
"61","rs56337305","C","T","C","T",-0.009588381,-0.00620035,0.383,0.3825969,FALSE,FALSE,FALSE,"7msX2k",0.0272842,0.820152,"outcome",TRUE,"reported","textfile",2,"225475560",0.001499283,1.63e-10,"Drinking",TRUE,"reported","flx5g8",2,TRUE,NA
"62","rs58107686","A","C","A","C",-0.009747126,-0.00226449,0.328,0.3308763,FALSE,FALSE,FALSE,"7msX2k",0.0280158,0.935538,"outcome",TRUE,"reported","textfile",1,"33837334",0.00158537,7.79e-10,"Drinking",TRUE,"reported","flx5g8",2,TRUE,NA
"63","rs62044525","G","C","G","C",-0.01217318,0.0178872,0.184,0.1838376,FALSE,TRUE,FALSE,"7msX2k",0.033813,0.5974,"outcome",TRUE,"reported","textfile",16,"64872590",0.001882851,1.03e-10,"Drinking",TRUE,"reported","flx5g8",2,TRUE,NA
"64","rs62250685","G","A","G","A",-0.014357061,0.0401907,0.614,0.6065673,FALSE,FALSE,FALSE,"7msX2k",0.0269747,0.135721,"outcome",TRUE,"reported","textfile",3,"85457240",0.001500092,1.05e-21,"Drinking",TRUE,"reported","flx5g8",2,TRUE,NA
"65","rs6460047","C","T","C","T",0.011623538,-0.00143107,0.208,0.2044462,FALSE,FALSE,FALSE,"7msX2k",0.0337063,0.963514,"outcome",TRUE,"reported","textfile",7,"73042443",0.00179569,9.69e-11,"Drinking",TRUE,"reported","flx5g8",2,TRUE,NA
"66","rs6787172","G","T","G","T",-0.008030894,0.0261829,0.554,0.5499082,FALSE,FALSE,FALSE,"7msX2k",0.0263972,0.321052,"outcome",TRUE,"reported","textfile",3,"158187811",0.001466234,4.27e-08,"Drinking",TRUE,"reported","flx5g8",2,TRUE,NA
"67","rs682011","C","T","C","T",0.008212447,0.00408109,0.559,0.5491031,FALSE,FALSE,FALSE,"7msX2k",0.0265538,0.877825,"outcome",TRUE,"reported","textfile",11,"121544285",0.001467913,2.22e-08,"Drinking",TRUE,"reported","flx5g8",2,TRUE,NA
"68","rs6951574","C","T","C","T",0.013222216,-0.0502988,0.458,0.4649514,FALSE,FALSE,FALSE,"7msX2k",0.0267106,0.059312,"outcome",TRUE,"reported","textfile",7,"153489744",0.001462828,1.58e-19,"Drinking",TRUE,"reported","flx5g8",2,TRUE,NA
"69","rs705687","G","A","G","A",-0.010904017,-0.0153514,0.785,0.7936711,FALSE,FALSE,FALSE,"7msX2k",0.0325008,0.637117,"outcome",TRUE,"reported","textfile",1,"4548453",0.001775889,8.15e-10,"Drinking",TRUE,"reported","flx5g8",2,TRUE,NA
"70","rs7074871","A","G","A","G",-0.00939985,-0.015072,0.255,0.2551353,FALSE,FALSE,FALSE,"7msX2k",0.0302076,0.617437,"outcome",TRUE,"reported","textfile",10,"110507806",0.001672158,1.86e-08,"Drinking",TRUE,"reported","flx5g8",2,TRUE,NA
"71","rs7185555","C","G","C","G",-0.011100514,0.0257015,0.153,0.151865,FALSE,TRUE,FALSE,"7msX2k",0.0363385,0.480527,"outcome",TRUE,"reported","textfile",16,"69131281",0.002026667,4.24e-08,"Drinking",TRUE,"reported","flx5g8",2,TRUE,NA
"72","rs72859280","T","G","T","G",0.022885324,-0.0717655,0.0362,0.0374137,FALSE,FALSE,FALSE,"7msX2k",0.0710227,0.307618,"outcome",TRUE,"reported","textfile",2,"147956293",0.003901915,4.44e-09,"Drinking",TRUE,"reported","flx5g8",2,TRUE,NA
"73","rs77165542","T","C","T","C",-0.026010899,-0.0547809,0.0349,0.0335509,FALSE,FALSE,FALSE,"7msX2k",0.0767443,0.470466,"outcome",TRUE,"reported","textfile",2,"430975",0.003971245,5.63e-11,"Drinking",TRUE,"reported","flx5g8",2,TRUE,NA
"74","rs79139602","T","A","T","A",0.06027231,-0.0746285,0.021061,0.0211853,FALSE,TRUE,FALSE,"7msX2k",0.0946823,0.425708,"outcome",TRUE,"reported","textfile",4,"100444363",0.005075844,1.8e-32,"Drinking",TRUE,"reported","flx5g8",2,TRUE,NA
"75","rs7950166","T","C","T","C",-0.009799202,-0.0284938,0.637,0.6308606,FALSE,FALSE,FALSE,"7msX2k",0.0273186,0.297399,"outcome",TRUE,"reported","textfile",11,"8642218",0.001515663,9.89e-11,"Drinking",TRUE,"reported","flx5g8",2,TRUE,NA
"76","rs79616692","C","G","C","G",0.016302272,-0.0456479,0.108,0.1109177,FALSE,TRUE,FALSE,"7msX2k",0.0427126,0.282639,"outcome",TRUE,"reported","textfile",16,"72338507",0.002350583,4.11e-12,"Drinking",TRUE,"reported","flx5g8",2,TRUE,NA
"77","rs823114","A","G","A","G",0.00876774,0.0202936,0.553,0.5582658,FALSE,FALSE,FALSE,"7msX2k",0.026433,0.442472,"outcome",TRUE,"reported","textfile",1,"205719532",0.001467417,2.31e-09,"Drinking",TRUE,"reported","flx5g8",2,TRUE,NA
"78","rs828867","A","G","A","G",0.008757157,-0.0174609,0.545,0.5426311,FALSE,FALSE,FALSE,"7msX2k",0.0263309,0.50733,"outcome",TRUE,"reported","textfile",2,"74334462",0.001463597,2.15e-09,"Drinking",TRUE,"reported","flx5g8",2,TRUE,NA
"79","rs9607814","A","C","A","C",-0.010181001,0.0204477,0.2,0.2027334,FALSE,FALSE,FALSE,"7msX2k",0.0324945,0.529885,"outcome",TRUE,"reported","textfile",22,"41946519",0.001858788,4.31e-08,"Drinking",TRUE,"reported","flx5g8",2,TRUE,NA
"80","rs9838144","C","G","C","G",-0.009964223,0.00803416,0.209,0.2131402,FALSE,TRUE,FALSE,"7msX2k",0.0322028,0.803053,"outcome",TRUE,"reported","textfile",3,"131576287",0.001792521,2.65e-08,"Drinking",TRUE,"reported","flx5g8",2,TRUE,NA
"81","rs9950000","T","C","T","C",-0.009117697,0.0494987,0.395,0.3978412,FALSE,FALSE,FALSE,"7msX2k",0.0266721,0.0638293,"outcome",TRUE,"reported","textfile",18,"53052169",0.001490903,9.38e-10,"Drinking",TRUE,"reported","flx5g8",2,TRUE,NA
